id,product_uid,product_title,search_term
2,100001,Simpson Strong-Tie 12-Gauge Angle,angle bracket
3,100001,Simpson Strong-Tie 12-Gauge Angle,l bracket
9,100002,BEHR Premium Textured DeckOver 1-gal. #SC-141 Tugboat Wood and Concrete Coating,deck over
16,100005,Delta Vero 1-Handle Shower Only Faucet Trim Kit in Chrome (Valve Not Included),rain shower head
17,100005,Delta Vero 1-Handle Shower Only Faucet Trim Kit in Chrome (Valve Not Included),shower only faucet
18,100006,Whirlpool 1.9 cu. ft. Over the Range Convection Microwave in Stainless Steel with Sensor Cooking,convection otr
20,100006,Whirlpool 1.9 cu. ft. Over the Range Convection Microwave in Stainless Steel with Sensor Cooking,microwave over stove
21,100006,Whirlpool 1.9 cu. ft. Over the Range Convection Microwave in Stainless Steel with Sensor Cooking,microwaves
23,100007,Lithonia Lighting Quantum 2-Light Black LED Emergency Fixture Unit,emergency light
27,100009,House of Fara 3/4 in. x 3 in. x 8 ft. MDF Fluted Casing,mdf 3/4
34,100010,Valley View Industries Metal Stakes (4-Pack),steele stake
35,100011,Toro Personal Pace Recycler 22 in. Variable Speed Self-Propelled Gas Lawn Mower with Briggs &amp; Stratton Engine,briggs and stratton lawn mower
37,100011,Toro Personal Pace Recycler 22 in. Variable Speed Self-Propelled Gas Lawn Mower with Briggs &amp; Stratton Engine,gas mowe
38,100011,Toro Personal Pace Recycler 22 in. Variable Speed Self-Propelled Gas Lawn Mower with Briggs &amp; Stratton Engine,honda mower
48,100012,Hampton Bay Caramel Simple Weave Bamboo Rollup Shade - 96 in. W x 72 in. L,hampton bay chestnut pull up shade
51,100013,InSinkErator SinkTop Switch Single Outlet for InSinkErator Disposers,disposer
65,100016,Sunjoy Calais 8 ft. x 5 ft. x 8 ft. Steel Tile Fabric Grill Gazebo,grill gazebo
69,100017,"MD Building Products 36 in. x 36 in. Cloverleaf Aluminum Sheet, Silver",door guards
75,100017,"MD Building Products 36 in. x 36 in. Cloverleaf Aluminum Sheet, Silver",metal plate cover gcfi
81,100017,"MD Building Products 36 in. x 36 in. Cloverleaf Aluminum Sheet, Silver",radiator grate
85,100017,"MD Building Products 36 in. x 36 in. Cloverleaf Aluminum Sheet, Silver",windows screens
88,100019,House of Fara 8 Linear ft. MDF Overlapping Wainscot Interior Paneling Kit,1x1 rail decorative wood
90,100019,House of Fara 8 Linear ft. MDF Overlapping Wainscot Interior Paneling Kit,4*8 beadboard paneling
92,100019,House of Fara 8 Linear ft. MDF Overlapping Wainscot Interior Paneling Kit,4x8wood paneling
101,100019,House of Fara 8 Linear ft. MDF Overlapping Wainscot Interior Paneling Kit,MDF 4x8
105,100019,House of Fara 8 Linear ft. MDF Overlapping Wainscot Interior Paneling Kit,wainscot chair rail
106,100019,House of Fara 8 Linear ft. MDF Overlapping Wainscot Interior Paneling Kit,wainscot plank paneling
113,100021,1804 Dual Spray Half Pattern 4 in Pop-Up Spray Head,lawn sprkinler
114,100021,1804 Dual Spray Half Pattern 4 in Pop-Up Spray Head,rainbird sprinkler
117,100022,"Samsung 4.2 cu. ft. Front Load Washer with Steam in White, ENERGY STAR",PLATFORM FOR WASHERS
120,100022,"Samsung 4.2 cu. ft. Front Load Washer with Steam in White, ENERGY STAR",samsung front load washer 3.7
122,100022,"Samsung 4.2 cu. ft. Front Load Washer with Steam in White, ENERGY STAR",upholstery washing machines with steam
123,100023,Quikrete 80 lb. Crack-Resistant Concrete,CONCRETE & MASONRY CLEANER & ETCHER
125,100023,Quikrete 80 lb. Crack-Resistant Concrete,concrete for ponds
127,100023,Quikrete 80 lb. Crack-Resistant Concrete,flexlock for cracks
136,100026,Nantucket Pavers Patio-on-a-Pallet 10 ft. x 10 ft. Concrete Tan Variegated Basketweave Yorkstone Paver,Belgium block pavers
138,100026,Nantucket Pavers Patio-on-a-Pallet 10 ft. x 10 ft. Concrete Tan Variegated Basketweave Yorkstone Paver,ourdoor patio tile
143,100027,UltraTouch 48 in. x 24 ft. Radiant Barrier,insulation roll
147,100028,Backyard X-Scapes 6 ft. H. x 16 ft. L Reed Fencing,6ft h bamboo fencing
149,100028,Backyard X-Scapes 6 ft. H. x 16 ft. L Reed Fencing,balcony privacy screen
150,100028,Backyard X-Scapes 6 ft. H. x 16 ft. L Reed Fencing,bamboo
157,100028,Backyard X-Scapes 6 ft. H. x 16 ft. L Reed Fencing,privacy lattice panels
158,100028,Backyard X-Scapes 6 ft. H. x 16 ft. L Reed Fencing,privacy panels
162,100029,DecoArt Americana Decor 16-oz. Whisper Chalky Finish,chalk paint
164,100030,9.1 in. x 5.8 in. White Designer Shelf Bracket,8 4616809045 9
165,100030,9.1 in. x 5.8 in. White Designer Shelf Bracket,shelf bracket
166,100030,9.1 in. x 5.8 in. White Designer Shelf Bracket,white 4shelves
172,100033,HDX 48 in. W x 72 in. H x 18 in. D Decorative Wire Chrome Finish Commercial Shelving Unit,6 teir shelving
177,100033,HDX 48 in. W x 72 in. H x 18 in. D Decorative Wire Chrome Finish Commercial Shelving Unit,hdx wire shelving
178,100033,HDX 48 in. W x 72 in. H x 18 in. D Decorative Wire Chrome Finish Commercial Shelving Unit,kitchen  cabinet finishes
179,100033,HDX 48 in. W x 72 in. H x 18 in. D Decorative Wire Chrome Finish Commercial Shelving Unit,kitchen wire shelf tiered
181,100033,HDX 48 in. W x 72 in. H x 18 in. D Decorative Wire Chrome Finish Commercial Shelving Unit,pantry rack
182,100033,HDX 48 in. W x 72 in. H x 18 in. D Decorative Wire Chrome Finish Commercial Shelving Unit,plastic storage racks
186,100033,HDX 48 in. W x 72 in. H x 18 in. D Decorative Wire Chrome Finish Commercial Shelving Unit,Shelves Metal
191,100033,HDX 48 in. W x 72 in. H x 18 in. D Decorative Wire Chrome Finish Commercial Shelving Unit,steel shelving
193,100033,HDX 48 in. W x 72 in. H x 18 in. D Decorative Wire Chrome Finish Commercial Shelving Unit,storage shelve
195,100034,Marshalltown Masonry Brush,mortar tools
201,100036,Rubbermaid 12 in. D Single Track Bracket,12 boltless bracket
202,100036,Rubbermaid 12 in. D Single Track Bracket,12 in.  16 in single track brackets
203,100036,Rubbermaid 12 in. D Single Track Bracket,12 wire shelf bracket
205,100036,Rubbermaid 12 in. D Single Track Bracket,shelf track
210,100037,Husky 9-Pocket Maintenance Pouch,husky tool bag
214,100038,RIDGID X4 18-Volt 1/2 in. Impact Wrench (Tool Only),impact driver drill battery powered
215,100038,RIDGID X4 18-Volt 1/2 in. Impact Wrench (Tool Only),impact wrench
223,100039,"Emberglow 25,000 BTU Vent-Free Dual Fuel Gas Stove with Thermostat",pellet stove
226,100039,"Emberglow 25,000 BTU Vent-Free Dual Fuel Gas Stove with Thermostat",register for fuel
227,100039,"Emberglow 25,000 BTU Vent-Free Dual Fuel Gas Stove with Thermostat",stove and mi
233,100039,"Emberglow 25,000 BTU Vent-Free Dual Fuel Gas Stove with Thermostat",ventless gas stove
241,100042,American Standard Cadet 3 FloWise 2-piece 1.28 GPF Round Front Toilet in Bone,American Standard Bone round toliet
245,100042,American Standard Cadet 3 FloWise 2-piece 1.28 GPF Round Front Toilet in Bone,cadet 3 insulated in bone
255,100045,Sumner Street Home Hardware Grayson 2-1/2 in. Oil Rubbed Bronze Cup Pull,grayson
257,100046,HDX 6 ft. Heavy Duty Steel Green Painted T-Post,6 stell
259,100046,HDX 6 ft. Heavy Duty Steel Green Painted T-Post,fece posts metal
261,100046,HDX 6 ft. Heavy Duty Steel Green Painted T-Post,green painted pop rivets
266,100046,HDX 6 ft. Heavy Duty Steel Green Painted T-Post,post
270,100046,HDX 6 ft. Heavy Duty Steel Green Painted T-Post,wire fencing 6 ft high
272,100047,Crown Bolt 24 in. x 1/2 in. x 12 in. Plain Metal Expanded Sheet,bolt 1/2 in by 12
275,100047,Crown Bolt 24 in. x 1/2 in. x 12 in. Plain Metal Expanded Sheet,metal sheet
276,100047,Crown Bolt 24 in. x 1/2 in. x 12 in. Plain Metal Expanded Sheet,sheet metal
284,100049,Henry 587 4.75 Gal. White Roof Coating,elastomeric roof coating
290,100050,Hampton Bay Beverly Patio Dining Arm Chairs with Custom Cushion (2-Pack),outdoor dining
293,100051,Hampton Bay Spring Haven Brown All-Weather Wicker Patio Lounge Chair with Sky Blue Cushions,cushions outdoorlounge
294,100051,Hampton Bay Spring Haven Brown All-Weather Wicker Patio Lounge Chair with Sky Blue Cushions,hampton bay spring
297,100051,Hampton Bay Spring Haven Brown All-Weather Wicker Patio Lounge Chair with Sky Blue Cushions,outdoorfurniture
305,100053,60 in. x 150 ft. 10/10 Remesh,wiremesh
314,100054,Stanley Doors 36 in. x 80 in. Chatham 3/4 Lite 1-Panel Prefinished Steel Prehung Front Door,front doors
318,100054,Stanley Doors 36 in. x 80 in. Chatham 3/4 Lite 1-Panel Prefinished Steel Prehung Front Door,prehung steel door
319,100054,Stanley Doors 36 in. x 80 in. Chatham 3/4 Lite 1-Panel Prefinished Steel Prehung Front Door,stanley doors
323,100055,MOEN Essie Single-Handle Pull-Down Sprayer Kitchen Faucet in Spot Resist Stainless with Soap Dispenser,kingsley moen kitchen faucet
327,100055,MOEN Essie Single-Handle Pull-Down Sprayer Kitchen Faucet in Spot Resist Stainless with Soap Dispenser,kitchen sink faucet
331,100055,MOEN Essie Single-Handle Pull-Down Sprayer Kitchen Faucet in Spot Resist Stainless with Soap Dispenser,pricepfister kitchen faucet g135
334,100055,MOEN Essie Single-Handle Pull-Down Sprayer Kitchen Faucet in Spot Resist Stainless with Soap Dispenser,soap dispenser
335,100055,MOEN Essie Single-Handle Pull-Down Sprayer Kitchen Faucet in Spot Resist Stainless with Soap Dispenser,soap dispenser kitchen
340,100056,Bare Ground 4 Gal. Liquid De-Icer (Case-4),roof melter
341,100057,Owens Corning R-19 Kraft Faced Insulation Batts 15 in. x 93 in.,6 kraft faced insulation
343,100057,Owens Corning R-19 Kraft Faced Insulation Batts 15 in. x 93 in.,fiberglass insulation
346,100057,Owens Corning R-19 Kraft Faced Insulation Batts 15 in. x 93 in.,owens corning 7-3
347,100057,Owens Corning R-19 Kraft Faced Insulation Batts 15 in. x 93 in.,R 15
350,100057,Owens Corning R-19 Kraft Faced Insulation Batts 15 in. x 93 in.,r19 insulation
351,100058,Gama Sonic 40-LED Rechargeable Battery-Powered Emergency Lantern,battery lanterns
354,100058,Gama Sonic 40-LED Rechargeable Battery-Powered Emergency Lantern,ceiling light battery powered with remote
355,100058,Gama Sonic 40-LED Rechargeable Battery-Powered Emergency Lantern,emergency light
359,100059,12 in. Dia. Dark Blue Ceramic Rivage Pot,planters pots
361,100060,RDI Porch and Newel 5 in. x 5 in. x 108 in. Vinyl Turned Fence Post with 5000 lb. Capacity,5x5 post
363,100060,RDI Porch and Newel 5 in. x 5 in. x 108 in. Vinyl Turned Fence Post with 5000 lb. Capacity,column post
365,100060,RDI Porch and Newel 5 in. x 5 in. x 108 in. Vinyl Turned Fence Post with 5000 lb. Capacity,post
373,100063,BAZZ 10 ft. Multi-Color Self-Adhesive Cuttable Rope Lighting with Remote Control,bazz lighting
374,100063,BAZZ 10 ft. Multi-Color Self-Adhesive Cuttable Rope Lighting with Remote Control,led rope
375,100063,BAZZ 10 ft. Multi-Color Self-Adhesive Cuttable Rope Lighting with Remote Control,led strip lights
385,100064,TrafficMASTER Allure 6 in. x 36 in. Cherry Resilient Vinyl Plank Flooring (24 sq. ft. / case),TILES 12*12
389,100065,Glacier Bay 2-piece High Efficiency Dual Flush Complete Elongated Toilet in White,10  rough toilet bowl
397,100065,Glacier Bay 2-piece High Efficiency Dual Flush Complete Elongated Toilet in White,delta canister 17
400,100065,Glacier Bay 2-piece High Efficiency Dual Flush Complete Elongated Toilet in White,glaciar bay toiled
401,100065,Glacier Bay 2-piece High Efficiency Dual Flush Complete Elongated Toilet in White,glacie bay dual flush
402,100065,Glacier Bay 2-piece High Efficiency Dual Flush Complete Elongated Toilet in White,glacier bay high efficiency toilet fill valve
403,100065,Glacier Bay 2-piece High Efficiency Dual Flush Complete Elongated Toilet in White,glacier bay tiolet tank lid
407,100065,Glacier Bay 2-piece High Efficiency Dual Flush Complete Elongated Toilet in White,handicap toilet
408,100065,Glacier Bay 2-piece High Efficiency Dual Flush Complete Elongated Toilet in White,handycap toilets
411,100065,Glacier Bay 2-piece High Efficiency Dual Flush Complete Elongated Toilet in White,high boy tolet
413,100065,Glacier Bay 2-piece High Efficiency Dual Flush Complete Elongated Toilet in White,kohler rosario toilet parts
418,100065,Glacier Bay 2-piece High Efficiency Dual Flush Complete Elongated Toilet in White,toilet bowl
421,100065,Glacier Bay 2-piece High Efficiency Dual Flush Complete Elongated Toilet in White,toilet flush kit
422,100065,Glacier Bay 2-piece High Efficiency Dual Flush Complete Elongated Toilet in White,toilet glacier bay
440,100068,"Rheem Performance Plus 50 Gal. Tall 9 Year 40,000 BTU High Efficiency Natural Gas Water Heater",60 heater gallon gas water
444,100068,"Rheem Performance Plus 50 Gal. Tall 9 Year 40,000 BTU High Efficiency Natural Gas Water Heater",gas wayer heaters
445,100068,"Rheem Performance Plus 50 Gal. Tall 9 Year 40,000 BTU High Efficiency Natural Gas Water Heater",heater gas
446,100068,"Rheem Performance Plus 50 Gal. Tall 9 Year 40,000 BTU High Efficiency Natural Gas Water Heater",hot water heater cost
447,100068,"Rheem Performance Plus 50 Gal. Tall 9 Year 40,000 BTU High Efficiency Natural Gas Water Heater",hot water heater gas
452,100068,"Rheem Performance Plus 50 Gal. Tall 9 Year 40,000 BTU High Efficiency Natural Gas Water Heater",rheem gas water heater prog40
454,100068,"Rheem Performance Plus 50 Gal. Tall 9 Year 40,000 BTU High Efficiency Natural Gas Water Heater",rheem water heater gas
455,100068,"Rheem Performance Plus 50 Gal. Tall 9 Year 40,000 BTU High Efficiency Natural Gas Water Heater",rheem water heater plug
456,100068,"Rheem Performance Plus 50 Gal. Tall 9 Year 40,000 BTU High Efficiency Natural Gas Water Heater",rheum water heater
458,100068,"Rheem Performance Plus 50 Gal. Tall 9 Year 40,000 BTU High Efficiency Natural Gas Water Heater",water heater certified
459,100068,"Rheem Performance Plus 50 Gal. Tall 9 Year 40,000 BTU High Efficiency Natural Gas Water Heater",water heater pans
461,100069,Shark Rotator Slim-Light Lift-Away Vacuum Cleaner,shark vacuum
468,100070,GE 18 in. Direct Wire LED Under Cabinet Light Bar with Hi/Low/Off,under cabinet led
469,100070,GE 18 in. Direct Wire LED Under Cabinet Light Bar with Hi/Low/Off,under cabinet lighting
470,100070,GE 18 in. Direct Wire LED Under Cabinet Light Bar with Hi/Low/Off,under counter fluorescent bar light
473,100070,GE 18 in. Direct Wire LED Under Cabinet Light Bar with Hi/Low/Off,undercounter lighting
475,100071,Steves &amp; Sons Retrofit Prehung Primed White Steel Patio Door,doors exterior
476,100071,Steves &amp; Sons Retrofit Prehung Primed White Steel Patio Door,Double Doors
478,100071,Steves &amp; Sons Retrofit Prehung Primed White Steel Patio Door,prehung steel door
479,100071,Steves &amp; Sons Retrofit Prehung Primed White Steel Patio Door,steel patio railings
480,100072,"Duck 1.41 in. x 60 yds. Blue Clean Release Masking Tape, (16-Pack)",3 blue masking tape
481,100072,"Duck 1.41 in. x 60 yds. Blue Clean Release Masking Tape, (16-Pack)",masking tape
485,100074,Kaleen Soho Thames Beige 4 ft. x 6 ft. Area Rug,4x6
491,100076,4 in. x 4 in. x 5-1/3 ft. Pressure-Treated Pine 2-Hole Fence Corner Post,treated fence posts
492,100077,Mueller Global 3/4 in. Black Malleable Iron Threaded Tee,1/2 x 5 black pipe nipple
497,100077,Mueller Global 3/4 in. Black Malleable Iron Threaded Tee,galvanized gas tee
500,100078,Safavieh Courtyard Natural/Brown 8 ft. 11 in. x 12 ft. Area Rug,area rugs 9x12
501,100079,Frigidaire 18 cu. ft. Top Freezer Refrigerator in Stainless Steel,18  dishwasher
508,100081,STERLING Accord 30 in. x 60 in. x 72 in. Bath and Shower Kit in White,30' x 60 'molded one piece acrylic shower stall
511,100081,STERLING Accord 30 in. x 60 in. x 72 in. Bath and Shower Kit in White,one piece showers
516,100082,Corner Baker&#39;s Rack with Slate Top,bakers rack
517,100083,Shape Products Thick &amp; Strong Flat Area Well Cover,basemetnt window
524,100086,Rust-Oleum EpoxyShield 2 gal. Tan 2-Part High-Gloss Epoxy Garage Floor Coating Kit,editing garage floor
533,100086,Rust-Oleum EpoxyShield 2 gal. Tan 2-Part High-Gloss Epoxy Garage Floor Coating Kit,rustollum epoxy
536,100087,YuTrax Arch XL Folding Aluminum ATV Ramp,car ramps ends
542,100088,"Werner 7 ft. - 9 ft., 18 in. x 24 in. Compact Aluminum Attic Ladder with 250 lb. Maximum Load Capacity",plexiglas 18' x 24'
544,100089,Melnor Adjustable Rear Trigger Nozzle,melnor
549,100090,"LG Electronics 5,000 BTU 115-Volt Window Air Conditioner",A/c window unit
551,100090,"LG Electronics 5,000 BTU 115-Volt Window Air Conditioner",air /heaterconditioner window
557,100090,"LG Electronics 5,000 BTU 115-Volt Window Air Conditioner",room a/c units
559,100090,"LG Electronics 5,000 BTU 115-Volt Window Air Conditioner",spliter ac unit
562,100090,"LG Electronics 5,000 BTU 115-Volt Window Air Conditioner",window air condit
563,100090,"LG Electronics 5,000 BTU 115-Volt Window Air Conditioner",Window Unit Air Conditioner/Heater
568,100092,Rust-Oleum Restore 1-gal. 4X Deck Coat,berh deck over
571,100092,Rust-Oleum Restore 1-gal. 4X Deck Coat,deck over
572,100092,Rust-Oleum Restore 1-gal. 4X Deck Coat,deck over paint
573,100092,Rust-Oleum Restore 1-gal. 4X Deck Coat,deckpaint
576,100092,Rust-Oleum Restore 1-gal. 4X Deck Coat,restore 4x
581,100093,Milwaukee M18 FUEL 18-Volt Brushless Lithium-Ion Hole Hawg 1/2 in. Right Angle Drill (Bare Tool),milwaukee right angle
582,100093,Milwaukee M18 FUEL 18-Volt Brushless Lithium-Ion Hole Hawg 1/2 in. Right Angle Drill (Bare Tool),milwaukee stone hole drill
583,100093,Milwaukee M18 FUEL 18-Volt Brushless Lithium-Ion Hole Hawg 1/2 in. Right Angle Drill (Bare Tool),pneumatic right angle drill
584,100093,Milwaukee M18 FUEL 18-Volt Brushless Lithium-Ion Hole Hawg 1/2 in. Right Angle Drill (Bare Tool),right angle drill
585,100094,Ariens Deluxe 28 in. Two-Stage Electric Start Gas Snow Blower with Auto-Turn Steering,28 snow thower
591,100094,Ariens Deluxe 28 in. Two-Stage Electric Start Gas Snow Blower with Auto-Turn Steering,gas snowblower trailer
593,100094,Ariens Deluxe 28 in. Two-Stage Electric Start Gas Snow Blower with Auto-Turn Steering,toro snow blowers gas
595,100095,GE Adora 5.0 cu. ft. Gas Range with Self-Cleaning Convection Oven in Stainless Steel,gas gridlee
600,100095,GE Adora 5.0 cu. ft. Gas Range with Self-Cleaning Convection Oven in Stainless Steel,ge adora range
605,100096,Woodgrain Millwork LWM 623 1/2 in. x 3-1/4 in. x 96 in. Primed MDF Base Moulding,base board molding boundle
606,100096,Woodgrain Millwork LWM 623 1/2 in. x 3-1/4 in. x 96 in. Primed MDF Base Moulding,crown molding mdf
611,100096,Woodgrain Millwork LWM 623 1/2 in. x 3-1/4 in. x 96 in. Primed MDF Base Moulding,wall wood
619,100097,Hampton Bay Woodbury 7-Piece Patio Dining Set with Dragonfruit Cushion,hampton bay set 7-piece led aluminum
626,100098,Gardener&#39;s Blue Ribbon 16 in. Plastic Rolling Plant Caddy,plants moses in a cradle
630,100100,Dimex EasyFlex 24 ft. Aluminum Landscape Edging Project Kit in Black,landscape edging
634,100101,Intertape Polymer Group PG 21 2.0 in. x 60 yd. Lacquer Resistant Performance Grade Masking Tape (6-Pack),intertape duct tape 3pk
635,100101,Intertape Polymer Group PG 21 2.0 in. x 60 yd. Lacquer Resistant Performance Grade Masking Tape (6-Pack),masking tape
636,100102,Teks #12 1-1/2 in. External Hex Flange Hex-Head Self-Drilling Screws (80-Pack),1 black self tapping screws
637,100102,Teks #12 1-1/2 in. External Hex Flange Hex-Head Self-Drilling Screws (80-Pack),1 infloor flange
640,100104,GE All Purpose Silicone I 10.1-oz. Clear Window and Door Caulk,10 window sping rod
642,100104,GE All Purpose Silicone I 10.1-oz. Clear Window and Door Caulk,clear silicone caulk windows doors
643,100104,GE All Purpose Silicone I 10.1-oz. Clear Window and Door Caulk,silicone
644,100105,RIDGID X4 18-Volt Lithium-Ion Cordless Drill and Impact Driver Combo Kit (2-Tool),combo powertool kit
646,100105,RIDGID X4 18-Volt Lithium-Ion Cordless Drill and Impact Driver Combo Kit (2-Tool),desalt impact 18
652,100105,RIDGID X4 18-Volt Lithium-Ion Cordless Drill and Impact Driver Combo Kit (2-Tool),rigid lithium ion batteries fuego drill
653,100106,Sun Joe Shredder Joe 12 in. 13 Amp 16:1 Reduction Ratio Electric Leaf Mulcher/Shredder,chipper
659,100108,American Standard Colorado FloWise Elongated Toilet Bowl Only in White,bidet
660,100109,Shark Navigator Lift-Away Deluxe Bagless Vacuum Cleaner with Appliance Wand,shark cleaner
